{
    "name": "root",
    "gauges": {
        "MoveToKitchen.Policy.Entropy.mean": {
            "value": 1.2815892696380615,
            "min": 1.2411963939666748,
            "max": 1.7915304899215698,
            "count": 104
        },
        "MoveToKitchen.Policy.Entropy.sum": {
            "value": 1312.347412109375,
            "min": 1191.548583984375,
            "max": 1925.895263671875,
            "count": 104
        },
        "MoveToKitchen.Step.mean": {
            "value": 103971.0,
            "min": 948.0,
            "max": 103971.0,
            "count": 104
        },
        "MoveToKitchen.Step.sum": {
            "value": 103971.0,
            "min": 948.0,
            "max": 103971.0,
            "count": 104
        },
        "MoveToKitchen.Policy.ExtrinsicValueEstimate.mean": {
            "value": -30.017005920410156,
            "min": -43.845218658447266,
            "max": -0.11110644787549973,
            "count": 104
        },
        "MoveToKitchen.Policy.ExtrinsicValueEstimate.sum": {
            "value": -480.2720947265625,
            "min": -695.52685546875,
            "max": -1.7777031660079956,
            "count": 104
        },
        "MoveToKitchen.Environment.EpisodeLength.mean": {
            "value": 632.5,
            "min": 243.0,
            "max": 11939.0,
            "count": 24
        },
        "MoveToKitchen.Environment.EpisodeLength.sum": {
            "value": 1265.0,
            "min": 243.0,
            "max": 20376.0,
            "count": 24
        },
        "MoveToKitchen.Environment.CumulativeReward.mean": {
            "value": -1633.4911575317383,
            "min": -422070.95098114014,
            "max": 16747.958374023438,
            "count": 24
        },
        "MoveToKitchen.Environment.CumulativeReward.sum": {
            "value": -3266.9823150634766,
            "min": -422070.95098114014,
            "max": 16747.958374023438,
            "count": 24
        },
        "MoveToKitchen.Policy.ExtrinsicReward.mean": {
            "value": -1633.4911575317383,
            "min": -422070.95098114014,
            "max": 16747.958374023438,
            "count": 24
        },
        "MoveToKitchen.Policy.ExtrinsicReward.sum": {
            "value": -3266.9823150634766,
            "min": -422070.95098114014,
            "max": 16747.958374023438,
            "count": 24
        },
        "MoveToKitchen.IsTraining.mean": {
            "value": 1.0,
            "min": 1.0,
            "max": 1.0,
            "count": 104
        },
        "MoveToKitchen.IsTraining.sum": {
            "value": 1.0,
            "min": 1.0,
            "max": 1.0,
            "count": 104
        },
        "MoveToCustomer.Policy.Entropy.mean": {
            "value": 1.2752050161361694,
            "min": 1.2752050161361694,
            "max": 1.7914478778839111,
            "count": 104
        },
        "MoveToCustomer.Policy.Entropy.sum": {
            "value": 1305.8099365234375,
            "min": 1238.28125,
            "max": 1924.501953125,
            "count": 104
        },
        "MoveToCustomer.Step.mean": {
            "value": 103970.0,
            "min": 960.0,
            "max": 103970.0,
            "count": 104
        },
        "MoveToCustomer.Step.sum": {
            "value": 103970.0,
            "min": 960.0,
            "max": 103970.0,
            "count": 104
        },
        "MoveToCustomer.Policy.ExtrinsicValueEstimate.mean": {
            "value": -0.015731394290924072,
            "min": -531.4424438476562,
            "max": 9.585145950317383,
            "count": 104
        },
        "MoveToCustomer.Policy.ExtrinsicValueEstimate.sum": {
            "value": -0.25170230865478516,
            "min": -8503.0791015625,
            "max": 143.77719116210938,
            "count": 104
        },
        "MoveToCustomer.IsTraining.mean": {
            "value": 1.0,
            "min": 1.0,
            "max": 1.0,
            "count": 104
        },
        "MoveToCustomer.IsTraining.sum": {
            "value": 1.0,
            "min": 1.0,
            "max": 1.0,
            "count": 104
        },
        "MoveToCustomer.Environment.EpisodeLength.mean": {
            "value": 12136.0,
            "min": 257.0,
            "max": 12948.0,
            "count": 19
        },
        "MoveToCustomer.Environment.EpisodeLength.sum": {
            "value": 12136.0,
            "min": 514.0,
            "max": 12948.0,
            "count": 19
        },
        "MoveToCustomer.Environment.CumulativeReward.mean": {
            "value": 5624.957414627075,
            "min": -420031.20446777344,
            "max": 5624.957414627075,
            "count": 19
        },
        "MoveToCustomer.Environment.CumulativeReward.sum": {
            "value": 5624.957414627075,
            "min": -1024206.9748077393,
            "max": 5624.957414627075,
            "count": 19
        },
        "MoveToCustomer.Policy.ExtrinsicReward.mean": {
            "value": 5624.957414627075,
            "min": -420031.20446777344,
            "max": 5624.957414627075,
            "count": 19
        },
        "MoveToCustomer.Policy.ExtrinsicReward.sum": {
            "value": 5624.957414627075,
            "min": -1024206.9748077393,
            "max": 5624.957414627075,
            "count": 19
        },
        "MoveToCustomer.Losses.PolicyLoss.mean": {
            "value": 0.03516488105116878,
            "min": 0.033600218726787714,
            "max": 0.037300737455952915,
            "count": 10
        },
        "MoveToCustomer.Losses.PolicyLoss.sum": {
            "value": 0.03516488105116878,
            "min": 0.033600218726787714,
            "max": 0.037300737455952915,
            "count": 10
        },
        "MoveToCustomer.Losses.ValueLoss.mean": {
            "value": 133.62745077133178,
            "min": 133.62745077133178,
            "max": 347381.078046875,
            "count": 10
        },
        "MoveToCustomer.Losses.ValueLoss.sum": {
            "value": 133.62745077133178,
            "min": 133.62745077133178,
            "max": 347381.078046875,
            "count": 10
        },
        "MoveToCustomer.Policy.LearningRate.mean": {
            "value": 7.9462020538e-05,
            "min": 7.9462020538e-05,
            "max": 9.794980205020001e-05,
            "count": 10
        },
        "MoveToCustomer.Policy.LearningRate.sum": {
            "value": 7.9462020538e-05,
            "min": 7.9462020538e-05,
            "max": 9.794980205020001e-05,
            "count": 10
        },
        "MoveToCustomer.Policy.Epsilon.mean": {
            "value": 0.179462,
            "min": 0.179462,
            "max": 0.19794979999999998,
            "count": 10
        },
        "MoveToCustomer.Policy.Epsilon.sum": {
            "value": 0.179462,
            "min": 0.179462,
            "max": 0.19794979999999998,
            "count": 10
        },
        "MoveToCustomer.Policy.Beta.mean": {
            "value": 0.0039751538,
            "min": 0.0039751538,
            "max": 0.0048976950200000004,
            "count": 10
        },
        "MoveToCustomer.Policy.Beta.sum": {
            "value": 0.0039751538,
            "min": 0.0039751538,
            "max": 0.0048976950200000004,
            "count": 10
        },
        "MoveToKitchen.Losses.PolicyLoss.mean": {
            "value": 0.035309008929762055,
            "min": 0.032667206078767774,
            "max": 0.03733924704487435,
            "count": 10
        },
        "MoveToKitchen.Losses.PolicyLoss.sum": {
            "value": 0.035309008929762055,
            "min": 0.032667206078767774,
            "max": 0.03733924704487435,
            "count": 10
        },
        "MoveToKitchen.Losses.ValueLoss.mean": {
            "value": 11507.480627441406,
            "min": 11507.480627441406,
            "max": 375647.5859375,
            "count": 10
        },