{"mean": 11164.333333333334, "std": 19659.05352079121}