{
    "name": "root",
    "gauges": {
        "MoveToCustomer.Policy.Entropy.mean": {
            "value": 2.052490711212158,
            "min": 2.049760580062866,
            "max": 2.1106443405151367,
            "count": 42
        },
        "MoveToCustomer.Policy.Entropy.sum": {
            "value": 2027.8607177734375,
            "min": 1781.01806640625,
            "max": 2242.454833984375,
            "count": 42
        },
        "MoveToCustomer.Step.mean": {
            "value": 41992.0,
            "min": 992.0,
            "max": 41992.0,
            "count": 42
        },
        "MoveToCustomer.Step.sum": {
            "value": 41992.0,
            "min": 992.0,
            "max": 41992.0,
            "count": 42
        },
        "MoveToCustomer.Policy.ExtrinsicValueEstimate.mean": {
            "value": -3.589845657348633,
            "min": -3.589845657348633,
            "max": -0.3035825192928314,
            "count": 42
        },
        "MoveToCustomer.Policy.ExtrinsicValueEstimate.sum": {
            "value": -75.38675689697266,
            "min": -75.38675689697266,
            "max": -5.768067836761475,
            "count": 42
        },
        "MoveToCustomer.Policy.GailValueEstimate.mean": {
            "value": 10.89235782623291,
            "min": -1.6668224334716797,
            "max": 11.639719009399414,
            "count": 42
        },
        "MoveToCustomer.Policy.GailValueEstimate.sum": {
            "value": 228.73951721191406,
            "min": -33.336448669433594,
            "max": 235.22494506835938,
            "count": 42
        },
        "MoveToCustomer.Environment.EpisodeLength.mean": {
            "value": 199.0,
            "min": 199.0,
            "max": 199.0,
            "count": 42
        },
        "MoveToCustomer.Environment.EpisodeLength.sum": {
            "value": 1194.0,
            "min": 796.0,
            "max": 1592.0,
            "count": 42
        },
        "MoveToCustomer.Environment.CumulativeReward.mean": {
            "value": -4.666666666666667,
            "min": -8.0,
            "max": 0.125,
            "count": 42
        },
        "MoveToCustomer.Environment.CumulativeReward.sum": {
            "value": -28.0,
            "min": -40.0,
            "max": 0.5,
            "count": 42
        },
        "MoveToCustomer.Policy.ExtrinsicReward.mean": {
            "value": -4.666666666666667,
            "min": -8.0,
            "max": 0.125,
            "count": 42
        },
        "MoveToCustomer.Policy.ExtrinsicReward.sum": {
            "value": -28.0,
            "min": -40.0,
            "max": 0.5,
            "count": 42
        },
        "MoveToCustomer.Policy.GailReward.mean": {
            "value": 73.87533633907636,
            "min": 7.692236004397273,
            "max": 186.25863552093506,
            "count": 42
        },
        "MoveToCustomer.Policy.GailReward.sum": {
            "value": 443.25201803445816,
            "min": 30.768944017589092,
            "max": 1167.9313249588013,
            "count": 42
        },
        "MoveToCustomer.IsTraining.mean": {
            "value": 1.0,
            "min": 1.0,
            "max": 1.0,
            "count": 42
        },
        "MoveToCustomer.IsTraining.sum": {
            "value": 1.0,
            "min": 1.0,
            "max": 1.0,
            "count": 42
        },
        "MoveToCustomer.Losses.PolicyLoss.mean": {
            "value": 0.014604139033084114,
            "min": 0.013869619912778337,
            "max": 0.01779349915450439,
            "count": 3
        },
        "MoveToCustomer.Losses.PolicyLoss.sum": {
            "value": 0.014604139033084114,
            "min": 0.013869619912778337,
            "max": 0.01779349915450439,
            "count": 3
        },
        "MoveToCustomer.Losses.ValueLoss.mean": {
            "value": 0.8754794836044312,
            "min": 0.37335207710663476,
            "max": 21.335170841217042,
            "count": 3
        },
        "MoveToCustomer.Losses.ValueLoss.sum": {
            "value": 0.8754794836044312,
            "min": 0.37335207710663476,
            "max": 21.335170841217042,
            "count": 3
        },
        "MoveToCustomer.Policy.LearningRate.mean": {
            "value": 0.00029889048036984005,
            "min": 0.00029889048036984005,
            "max": 0.00029963040012320004,
            "count": 3
        },
        "MoveToCustomer.Policy.LearningRate.sum": {
            "value": 0.00029889048036984005,
            "min": 0.00029889048036984005,
            "max": 0.00029963040012320004,
            "count": 3
        },
        "MoveToCustomer.Policy.Epsilon.mean": {
            "value": 0.19963015999999997,
            "min": 0.19963015999999997,
            "max": 0.19987680000000008,
            "count": 3
        },
        "MoveToCustomer.Policy.Epsilon.sum": {
            "value": 0.19963015999999997,
            "min": 0.19963015999999997,
            "max": 0.19987680000000008,
            "count": 3
        },
        "MoveToCustomer.Policy.Beta.mean": {
            "value": 0.004981544984,
            "min": 0.004981544984,
            "max": 0.00499385232,
            "count": 3
        },
        "MoveToCustomer.Policy.Beta.sum": {
            "value": 0.004981544984,
            "min": 0.004981544984,
            "max": 0.00499385232,
            "count": 3
        },
        "MoveToCustomer.Policy.GAILPolicyEstimate.mean": {
            "value": 0.1121415821214517,
            "min": 0.05223304790755113,
            "max": 0.2295372538268566,
            "count": 3
        },
        "MoveToCustomer.Policy.GAILPolicyEstimate.sum": {
            "value": 0.1121415821214517,
            "min": 0.05223304790755113,
            "max": 0.2295372538268566,
            "count": 3
        },
        "MoveToCustomer.Policy.GAILExpertEstimate.mean": {
            "value": 0.9145657380421957,
            "min": 0.6595439334710439,
            "max": 0.9145657380421957,
            "count": 3
        },
        "MoveToCustomer.Policy.GAILExpertEstimate.sum": {
            "value": 0.9145657380421957,
            "min": 0.6595439334710439,
            "max": 0.9145657380421957,
            "count": 3
        },
        "MoveToCustomer.Losses.GAILLoss.mean": {
            "value": 0.23838421652714412,
            "min": 0.1856671079993248,
            "max": 0.7342014203468958,
            "count": 3
        },
        "MoveToCustomer.Losses.GAILLoss.sum": {
            "value": 0.23838421652714412,
            "min": 0.1856671079993248,
            "max": 0.7342014203468958,
            "count": 3
        },
        "MoveToCustomer.Policy.GAILGradMagLoss.mean": {
            "value": 7.25337274869283,
            "min": 7.25337274869283,
            "max": 9.045717652638753,
            "count": 3
        },
        "MoveToCustomer.Policy.GAILGradMagLoss.sum": {
            "value": 7.25337274869283,
            "min": 7.25337274869283,
            "max": 9.045717652638753,
            "count": 3
        },
        "MoveToCustomer.Losses.PretrainingLoss.mean": {
            "value": 1.8688854773839314,
            "min": 1.8688854773839314,
            "max": 2.014054258664449,
            "count": 3
        },
        "MoveToCustomer.Losses.PretrainingLoss.sum": {
            "value": 1.8688854773839314,
            "min": 1.8688854773839314,
            "max": 2.014054258664449,
            "count": 3
        }
    },
    "metadata": {
        "timer_format_version": "0.1.0",
        "start_time_seconds": "1740950909",
        "python_version": "3.10.11 (tags/v3.10.11:7d4cc5a, Apr  5 2023, 00:38:17) [MSC v.1929 64 bit (AMD64)]",
        "command_line_arguments": "C:\\Users\\tariq\\Documents\\diss\\diss_env\\Scripts\\mlagents-learn config\\config.yaml --results-dir=config --run-id=clean_demo1 --train",
        "mlagents_version": "1.1.0",
        "mlagents_envs_version": "1.1.0",