{
    "name": "root",
    "gauges": {
        "MoveToCustomer.Policy.Entropy.mean": {
            "value": 2.9055111408233643,
            "min": 2.9055111408233643,
            "max": 3.1761083602905273,
            "count": 32
        },
        "MoveToCustomer.Policy.Entropy.sum": {
            "value": 2937.4716796875,
            "min": 2880.15966796875,
            "max": 3335.086669921875,
            "count": 32
        },
        "MoveToCustomer.Step.mean": {
            "value": 31958.0,
            "min": 968.0,
            "max": 31958.0,
            "count": 32
        },
        "MoveToCustomer.Step.sum": {
            "value": 31958.0,
            "min": 968.0,
            "max": 31958.0,
            "count": 32
        },
        "MoveToCustomer.Policy.ExtrinsicValueEstimate.mean": {
            "value": -89.32691955566406,
            "min": -89.32691955566406,
            "max": 3.538983106613159,
            "count": 32
        },
        "MoveToCustomer.Policy.ExtrinsicValueEstimate.sum": {
            "value": -1697.21142578125,
            "min": -1697.21142578125,
            "max": 128.48489379882812,
            "count": 32
        },
        "MoveToCustomer.Environment.EpisodeLength.mean": {
            "value": 123.75,
            "min": 34.5,
            "max": 377.0,
            "count": 32
        },
        "MoveToCustomer.Environment.EpisodeLength.sum": {
            "value": 495.0,
            "min": 495.0,
            "max": 1355.0,
            "count": 32
        },
        "MoveToCustomer.Environment.CumulativeReward.mean": {
            "value": -17658.582977294922,
            "min": -66911.51204427083,
            "max": -7024.2936935424805,
            "count": 32
        },
        "MoveToCustomer.Environment.CumulativeReward.sum": {
            "value": -70634.33190917969,
            "min": -264086.97270965576,
            "max": -70634.33190917969,
            "count": 32
        },
        "MoveToCustomer.Policy.ExtrinsicReward.mean": {
            "value": -17658.582977294922,
            "min": -66911.51204427083,
            "max": -7024.2936935424805,
            "count": 32
        },
        "MoveToCustomer.Policy.ExtrinsicReward.sum": {
            "value": -70634.33190917969,
            "min": -264086.97270965576,
            "max": -70634.33190917969,
            "count": 32
        },
        "MoveToCustomer.IsTraining.mean": {
            "value": 1.0,
            "min": 1.0,
            "max": 1.0,
            "count": 32
        },
        "MoveToCustomer.IsTraining.sum": {
            "value": 1.0,
            "min": 1.0,
            "max": 1.0,
            "count": 32
        },
        "MoveToKitchen.Policy.Entropy.mean": {
            "value": 1.791659951210022,
            "min": 1.791659951210022,
            "max": 1.791659951210022,
            "count": 1
        },
        "MoveToKitchen.Policy.Entropy.sum": {
            "value": 1856.15966796875,
            "min": 1856.15966796875,
            "max": 1856.15966796875,
            "count": 1
        },
        "MoveToKitchen.Step.mean": {
            "value": 972.0,
            "min": 972.0,
            "max": 972.0,
            "count": 1
        },
        "MoveToKitchen.Step.sum": {
            "value": 972.0,
            "min": 972.0,
            "max": 972.0,
            "count": 1
        },
        "MoveToKitchen.Policy.ExtrinsicValueEstimate.mean": {
            "value": 0.04095904529094696,
            "min": 0.04095904529094696,
            "max": 0.04095904529094696,
            "count": 1
        },
        "MoveToKitchen.Policy.ExtrinsicValueEstimate.sum": {
            "value": 0.7372627854347229,
            "min": 0.7372627854347229,
            "max": 0.7372627854347229,
            "count": 1
        },
        "MoveToKitchen.Environment.EpisodeLength.mean": {
            "value": 193.4,
            "min": 193.4,
            "max": 193.4,
            "count": 1
        },
        "MoveToKitchen.Environment.EpisodeLength.sum": {
            "value": 967.0,
            "min": 967.0,
            "max": 967.0,
            "count": 1
        },
        "MoveToKitchen.Environment.CumulativeReward.mean": {
            "value": -26325.147568511962,
            "min": -26325.147568511962,
            "max": -26325.147568511962,
            "count": 1
        },
        "MoveToKitchen.Environment.CumulativeReward.sum": {
            "value": -131625.7378425598,
            "min": -131625.7378425598,
            "max": -131625.7378425598,
            "count": 1
        },
        "MoveToKitchen.Policy.ExtrinsicReward.mean": {
            "value": -26325.147568511962,
            "min": -26325.147568511962,
            "max": -26325.147568511962,
            "count": 1
        },
        "MoveToKitchen.Policy.ExtrinsicReward.sum": {
            "value": -131625.7378425598,
            "min": -131625.7378425598,
            "max": -131625.7378425598,
            "count": 1
        },
        "MoveToKitchen.IsTraining.mean": {
            "value": 1.0,
            "min": 1.0,
            "max": 1.0,
            "count": 1
        },
        "MoveToKitchen.IsTraining.sum": {
            "value": 1.0,
            "min": 1.0,
            "max": 1.0,
            "count": 1
        },
        "MoveToCustomer.Losses.PolicyLoss.mean": {
            "value": 0.037161890658414146,
            "min": 0.033201284525663746,
            "max": 0.037161890658414146,
            "count": 3
        },
        "MoveToCustomer.Losses.PolicyLoss.sum": {
            "value": 0.037161890658414146,
            "min": 0.033201284525663746,
            "max": 0.037161890658414146,
            "count": 3
        },
        "MoveToCustomer.Losses.ValueLoss.mean": {
            "value": 605344.9075520834,
            "min": 605344.9075520834,
            "max": 1161550.1916666667,
            "count": 3
        },
        "MoveToCustomer.Losses.ValueLoss.sum": {
            "value": 605344.9075520834,
            "min": 605344.9075520834,
            "max": 1161550.1916666667,
            "count": 3
        },
        "MoveToCustomer.Policy.LearningRate.mean": {
            "value": 9.38362061638e-05,
            "min": 9.38362061638e-05,
            "max": 9.794460205540004e-05,
            "count": 3
        },
        "MoveToCustomer.Policy.LearningRate.sum": {
            "value": 9.38362061638e-05,
            "min": 9.38362061638e-05,
            "max": 9.794460205540004e-05,
            "count": 3
        },
        "MoveToCustomer.Policy.Epsilon.mean": {
            "value": 0.19383619999999996,
            "min": 0.19383619999999996,
            "max": 0.19794460000000003,
            "count": 3
        },
        "MoveToCustomer.Policy.Epsilon.sum": {
            "value": 0.19383619999999996,
            "min": 0.19383619999999996,
            "max": 0.19794460000000003,
            "count": 3
        },
        "MoveToCustomer.Policy.Beta.mean": {
            "value": 0.0046924263800000015,
            "min": 0.0046924263800000015,
            "max": 0.00489743554,
            "count": 3
        },
        "MoveToCustomer.Policy.Beta.sum": {
            "value": 0.0046924263800000015,
            "min": 0.0046924263800000015,
            "max": 0.00489743554,
            "count": 3
        }
    },
    "metadata": {
        "timer_format_version": "0.1.0",
        "start_time_seconds": "1740153133",
        "python_version": "3.10.11 (tags/v3.10.11:7d4cc5a, Apr  5 2023, 00:38:17) [MSC v.1929 64 bit (AMD64)]",
        "command_line_arguments": "C:\\Users\\tariq\\Documents\\diss\\diss_env\\Scripts\\mlagents-learn results\\configuration.yaml --run-id=please_work --train",
        "mlagents_version": "1.1.0",
        "mlagents_envs_version": "1.1.0",
        "communication_protocol_version": "1.5.0",
        "pytorch_version": "2.5.1+cu118",
        "numpy_version": "1.23.5",
        "end_time_seconds": "1740154006"
    },