{
    "name": "root",
    "gauges": {
        "MoveToCustomer.Policy.Entropy.mean": {
            "value": 1.3844467401504517,
            "min": 1.3844467401504517,
            "max": 1.386289358139038,
            "count": 13
        },
        "MoveToCustomer.Policy.Entropy.sum": {
            "value": 1416.2890625,
            "min": 1386.27001953125,
            "max": 1544.3218994140625,
            "count": 13
        },
        "MoveToCustomer.Step.mean": {
            "value": 12998.0,
            "min": 992.0,
            "max": 12998.0,
            "count": 13
        },
        "MoveToCustomer.Step.sum": {
            "value": 12998.0,
            "min": 992.0,
            "max": 12998.0,
            "count": 13
        },
        "MoveToCustomer.Policy.ExtrinsicValueEstimate.mean": {
            "value": -0.15337951481342316,
            "min": -0.15337951481342316,
            "max": 0.06078552454710007,
            "count": 13
        },
        "MoveToCustomer.Policy.ExtrinsicValueEstimate.sum": {
            "value": -3.0675902366638184,
            "min": -3.0675902366638184,
            "max": 1.2157105207443237,
            "count": 13
        },
        "MoveToCustomer.Policy.GailValueEstimate.mean": {
            "value": 0.767281711101532,
            "min": -0.1565120667219162,
            "max": 0.767281711101532,
            "count": 13
        },
        "MoveToCustomer.Policy.GailValueEstimate.sum": {
            "value": 15.345634460449219,
            "min": -3.1302413940429688,
            "max": 15.345634460449219,
            "count": 13
        },
        "MoveToCustomer.Environment.EpisodeLength.mean": {
            "value": 198.8,
            "min": 198.8,
            "max": 199.0,
            "count": 13
        },
        "MoveToCustomer.Environment.EpisodeLength.sum": {
            "value": 994.0,
            "min": 994.0,
            "max": 995.0,
            "count": 13
        },
        "MoveToCustomer.Environment.CumulativeReward.mean": {
            "value": -19.450000047683716,
            "min": -19.450000047683716,
            "max": -2.4520000357180836,
            "count": 13
        },
        "MoveToCustomer.Environment.CumulativeReward.sum": {
            "value": -97.25000023841858,
            "min": -97.25000023841858,
            "max": -12.260000178590417,
            "count": 13
        },
        "MoveToCustomer.Policy.ExtrinsicReward.mean": {
            "value": -19.450000047683716,
            "min": -19.450000047683716,
            "max": -2.4520000357180836,
            "count": 13
        },
        "MoveToCustomer.Policy.ExtrinsicReward.sum": {
            "value": -97.25000023841858,
            "min": -97.25000023841858,
            "max": -12.260000178590417,
            "count": 13
        },
        "MoveToCustomer.Policy.GailReward.mean": {
            "value": 97.91674890518189,
            "min": 97.91674890518189,
            "max": 110.1876802444458,
            "count": 13
        },
        "MoveToCustomer.Policy.GailReward.sum": {
            "value": 489.5837445259094,
            "min": 436.96318531036377,
            "max": 653.1577877998352,
            "count": 13
        },
        "MoveToCustomer.IsTraining.mean": {
            "value": 1.0,
            "min": 1.0,
            "max": 1.0,
            "count": 13
        },
        "MoveToCustomer.IsTraining.sum": {
            "value": 1.0,
            "min": 1.0,
            "max": 1.0,
            "count": 13
        },
        "MoveToCustomer.Losses.PolicyLoss.mean": {
            "value": 0.014844364634094139,
            "min": 0.014844364634094139,
            "max": 0.014844364634094139,
            "count": 1
        },
        "MoveToCustomer.Losses.PolicyLoss.sum": {
            "value": 0.014844364634094139,
            "min": 0.014844364634094139,
            "max": 0.014844364634094139,
            "count": 1
        },
        "MoveToCustomer.Losses.ValueLoss.mean": {
            "value": 23.369816462198894,
            "min": 23.369816462198894,
            "max": 23.369816462198894,
            "count": 1
        },
        "MoveToCustomer.Losses.ValueLoss.sum": {
            "value": 23.369816462198894,
            "min": 23.369816462198894,
            "max": 23.369816462198894,
            "count": 1
        },
        "MoveToCustomer.Policy.LearningRate.mean": {
            "value": 0.00029963019012327,
            "min": 0.00029963019012327,
            "max": 0.00029963019012327,
            "count": 1
        },
        "MoveToCustomer.Policy.LearningRate.sum": {
            "value": 0.00029963019012327,
            "min": 0.00029963019012327,
            "max": 0.00029963019012327,
            "count": 1
        },
        "MoveToCustomer.Policy.Epsilon.mean": {
            "value": 0.19987672999999997,
            "min": 0.19987672999999997,
            "max": 0.19987672999999997,
            "count": 1
        },
        "MoveToCustomer.Policy.Epsilon.sum": {
            "value": 0.19987672999999997,
            "min": 0.19987672999999997,
            "max": 0.19987672999999997,
            "count": 1
        },
        "MoveToCustomer.Policy.Beta.mean": {
            "value": 0.004993848826999999,
            "min": 0.004993848826999999,
            "max": 0.004993848826999999,
            "count": 1
        },
        "MoveToCustomer.Policy.Beta.sum": {
            "value": 0.004993848826999999,
            "min": 0.004993848826999999,
            "max": 0.004993848826999999,
            "count": 1
        },
        "MoveToCustomer.Policy.GAILPolicyEstimate.mean": {
            "value": 0.47482142051060994,
            "min": 0.47482142051060994,
            "max": 0.47482142051060994,
            "count": 1
        },
        "MoveToCustomer.Policy.GAILPolicyEstimate.sum": {
            "value": 0.47482142051060994,
            "min": 0.47482142051060994,
            "max": 0.47482142051060994,
            "count": 1
        },
        "MoveToCustomer.Policy.GAILExpertEstimate.mean": {
            "value": 0.48970679541428885,
            "min": 0.48970679541428885,
            "max": 0.48970679541428885,
            "count": 1
        },
        "MoveToCustomer.Policy.GAILExpertEstimate.sum": {
            "value": 0.48970679541428885,
            "min": 0.48970679541428885,
            "max": 0.48970679541428885,
            "count": 1
        },
        "MoveToCustomer.Losses.GAILLoss.mean": {
            "value": 1.3641009410222371,
            "min": 1.3641009410222371,
            "max": 1.3641009410222371,
            "count": 1
        },
        "MoveToCustomer.Losses.GAILLoss.sum": {
            "value": 1.3641009410222371,
            "min": 1.3641009410222371,
            "max": 1.3641009410222371,
            "count": 1
        },
        "MoveToCustomer.Policy.GAILGradMagLoss.mean": {
            "value": 8.702697928746542,
            "min": 8.702697928746542,
            "max": 8.702697928746542,
            "count": 1
        },
        "MoveToCustomer.Policy.GAILGradMagLoss.sum": {
            "value": 8.702697928746542,
            "min": 8.702697928746542,
            "max": 8.702697928746542,
            "count": 1
        },
        "MoveToCustomer.Losses.PretrainingLoss.mean": {
            "value": 1.3735296924908955,
            "min": 1.3735296924908955,
            "max": 1.3735296924908955,
            "count": 1
        },
        "MoveToCustomer.Losses.PretrainingLoss.sum": {
            "value": 1.3735296924908955,
            "min": 1.3735296924908955,
            "max": 1.3735296924908955,
            "count": 1
        }
    },
    "metadata": {
        "timer_format_version": "0.1.0",
        "start_time_seconds": "1741001892",
        "python_version": "3.10.11 (tags/v3.10.11:7d4cc5a, Apr  5 2023, 00:38:17) [MSC v.1929 64 bit (AMD64)]",