{
    "name": "root",
    "gauges": {
        "MoveToCustomer.Policy.Entropy.mean": {
            "value": 1.0478090047836304,
            "min": 0.00031260604737326503,
            "max": 1.3272135257720947,
            "count": 2044
        },
        "MoveToCustomer.Policy.Entropy.sum": {
            "value": 1055.1436767578125,
            "min": 0.3126060366630554,
            "max": 1327.2135009765625,
            "count": 2044
        },
        "MoveToCustomer.Step.mean": {
            "value": 2543953.0,
            "min": 500946.0,
            "max": 2543953.0,
            "count": 2044
        },
        "MoveToCustomer.Step.sum": {
            "value": 2543953.0,
            "min": 500946.0,
            "max": 2543953.0,
            "count": 2044
        },
        "MoveToCustomer.Policy.ExtrinsicValueEstimate.mean": {
            "value": 287.3621826171875,
            "min": -347.6092529296875,
            "max": 946.499267578125,
            "count": 2044
        },
        "MoveToCustomer.Policy.ExtrinsicValueEstimate.sum": {
            "value": 4597.794921875,
            "min": -5561.748046875,
            "max": 15143.98828125,
            "count": 2044
        },
        "MoveToCustomer.Policy.GailValueEstimate.mean": {
            "value": 29.18960189819336,
            "min": 2.8100247383117676,
            "max": 74.31835174560547,
            "count": 2044
        },
        "MoveToCustomer.Policy.GailValueEstimate.sum": {
            "value": 467.03363037109375,
            "min": 44.96039581298828,
            "max": 1189.0936279296875,
            "count": 2044
        },
        "MoveToCustomer.Environment.EpisodeLength.mean": {
            "value": 302.0,
            "min": 138.0,
            "max": 999.0,
            "count": 2034
        },
        "MoveToCustomer.Environment.EpisodeLength.sum": {
            "value": 302.0,
            "min": 138.0,
            "max": 1941.0,
            "count": 2034
        },
        "MoveToCustomer.Environment.CumulativeReward.mean": {
            "value": 38.679325103759766,
            "min": -5551.401117324829,
            "max": 13216.565551757812,
            "count": 2044
        },
        "MoveToCustomer.Environment.CumulativeReward.sum": {
            "value": 38.679325103759766,
            "min": -5551.401117324829,
            "max": 13257.165302753448,
            "count": 2044
        },
        "MoveToCustomer.Policy.ExtrinsicReward.mean": {
            "value": 38.679325103759766,
            "min": -5551.401117324829,
            "max": 13216.565551757812,
            "count": 2044
        },
        "MoveToCustomer.Policy.ExtrinsicReward.sum": {
            "value": 38.679325103759766,
            "min": -5551.401117324829,
            "max": 13257.165302753448,
            "count": 2044
        },
        "MoveToCustomer.Policy.GailReward.mean": {
            "value": 131.93690538406372,
            "min": 7.1384512186050415,
            "max": 2844.7906799316406,
            "count": 2044
        },
        "MoveToCustomer.Policy.GailReward.sum": {
            "value": 131.93690538406372,
            "min": 7.1384512186050415,
            "max": 2844.7906799316406,
            "count": 2044
        },
        "MoveToCustomer.IsTraining.mean": {
            "value": 1.0,
            "min": 1.0,
            "max": 1.0,
            "count": 2044
        },
        "MoveToCustomer.IsTraining.sum": {
            "value": 1.0,
            "min": 1.0,
            "max": 1.0,
            "count": 2044
        },
        "MoveToCustomer.Losses.PolicyLoss.mean": {
            "value": 0.019455045422849555,
            "min": 0.010841171746142209,
            "max": 0.021801141548591356,
            "count": 165
        },
        "MoveToCustomer.Losses.PolicyLoss.sum": {
            "value": 0.019455045422849555,
            "min": 0.010841171746142209,
            "max": 0.021801141548591356,
            "count": 165
        },
        "MoveToCustomer.Losses.ValueLoss.mean": {
            "value": 1179.5715433756511,
            "min": 84.92989120483398,
            "max": 1536.644795735677,
            "count": 165
        },
        "MoveToCustomer.Losses.ValueLoss.sum": {
            "value": 1179.5715433756511,
            "min": 84.92989120483398,
            "max": 1536.644795735677,
            "count": 165
        },
        "MoveToCustomer.Policy.LearningRate.mean": {
            "value": 0.00022400759533080998,
            "min": 0.00022400759533080998,
            "max": 0.0002846201751266099,
            "count": 165
        },
        "MoveToCustomer.Policy.LearningRate.sum": {
            "value": 0.00022400759533080998,
            "min": 0.00022400759533080998,
            "max": 0.0002846201751266099,
            "count": 165
        },
        "MoveToCustomer.Policy.Epsilon.mean": {
            "value": 0.17466919000000009,
            "min": 0.17466919000000009,
            "max": 0.19487338999999995,
            "count": 165
        },
        "MoveToCustomer.Policy.Epsilon.sum": {
            "value": 0.17466919000000009,
            "min": 0.17466919000000009,
            "max": 0.19487338999999995,
            "count": 165
        },
        "MoveToCustomer.Policy.Beta.mean": {
            "value": 0.0037359925810000016,
            "min": 0.0037359925810000016,
            "max": 0.004744182161000001,
            "count": 165
        },
        "MoveToCustomer.Policy.Beta.sum": {
            "value": 0.0037359925810000016,
            "min": 0.0037359925810000016,
            "max": 0.004744182161000001,
            "count": 165
        },
        "MoveToCustomer.Policy.GAILPolicyEstimate.mean": {
            "value": 0.2826221376657486,
            "min": 0.22467153171698254,
            "max": 0.5040412406126659,
            "count": 165
        },
        "MoveToCustomer.Policy.GAILPolicyEstimate.sum": {
            "value": 0.2826221376657486,
            "min": 0.22467153171698254,
            "max": 0.5040412406126659,
            "count": 165
        },
        "MoveToCustomer.Policy.GAILExpertEstimate.mean": {
            "value": 0.7489434897899627,
            "min": 0.6359083453814188,
            "max": 0.7746635854244233,
            "count": 165
        },
        "MoveToCustomer.Policy.GAILExpertEstimate.sum": {
            "value": 0.7489434897899627,
            "min": 0.6359083453814188,
            "max": 0.7746635854244233,
            "count": 165
        },
        "MoveToCustomer.Losses.GAILLoss.mean": {
            "value": 0.7154819150765737,
            "min": 0.5916286408901215,
            "max": 1.1628292640050253,
            "count": 165
        },
        "MoveToCustomer.Losses.GAILLoss.sum": {
            "value": 0.7154819150765737,
            "min": 0.5916286408901215,
            "max": 1.1628292640050253,
            "count": 165
        },
        "MoveToCustomer.Policy.GAILGradMagLoss.mean": {
            "value": 0.15753357609113058,
            "min": 0.11783083950479825,
            "max": 0.6246898730595907,
            "count": 165
        },
        "MoveToCustomer.Policy.GAILGradMagLoss.sum": {
            "value": 0.15753357609113058,
            "min": 0.11783083950479825,
            "max": 0.6246898730595907,
            "count": 165
        },
        "MoveToCustomer.Losses.PretrainingLoss.mean": {
            "value": 0.9173274139563242,
            "min": 0.910439670085907,
            "max": 1.190558652083079,
            "count": 165
        },
        "MoveToCustomer.Losses.PretrainingLoss.sum": {
            "value": 0.9173274139563242,
            "min": 0.910439670085907,
            "max": 1.190558652083079,
            "count": 165
        }
    },
    "metadata": {
        "timer_format_version": "0.1.0",
        "start_time_seconds": "1741263143",
        "python_version": "3.10.11 (tags/v3.10.11:7d4cc5a, Apr  5 2023, 00:38:17) [MSC v.1929 64 bit (AMD64)]",