{
    "name": "root",
    "gauges": {
        "MoveToKitchen.Policy.Entropy.mean": {
            "value": 1.4003593921661377,
            "min": 1.2455501556396484,
            "max": 1.791754126548767,
            "count": 134
        },
        "MoveToKitchen.Policy.Entropy.sum": {
            "value": 1433.968017578125,
            "min": 1204.0045166015625,
            "max": 1881.6375732421875,
            "count": 134
        },
        "MoveToKitchen.Step.mean": {
            "value": 133978.0,
            "min": 960.0,
            "max": 133978.0,
            "count": 134
        },
        "MoveToKitchen.Step.sum": {
            "value": 133978.0,
            "min": 960.0,
            "max": 133978.0,
            "count": 134
        },
        "MoveToKitchen.Policy.ExtrinsicValueEstimate.mean": {
            "value": -6.86363410949707,
            "min": -192.47177124023438,
            "max": 0.137230783700943,
            "count": 134
        },
        "MoveToKitchen.Policy.ExtrinsicValueEstimate.sum": {
            "value": -109.81814575195312,
            "min": -3079.54833984375,
            "max": 2.195692539215088,
            "count": 134
        },
        "MoveToKitchen.IsTraining.mean": {
            "value": 1.0,
            "min": 1.0,
            "max": 1.0,
            "count": 134
        },
        "MoveToKitchen.IsTraining.sum": {
            "value": 1.0,
            "min": 1.0,
            "max": 1.0,
            "count": 134
        },
        "MoveToCustomer.Policy.Entropy.mean": {
            "value": 1.2992901802062988,
            "min": 1.27803373336792,
            "max": 1.791718602180481,
            "count": 134
        },
        "MoveToCustomer.Policy.Entropy.sum": {
            "value": 1247.318603515625,
            "min": 1227.4765625,
            "max": 1874.091064453125,
            "count": 134
        },
        "MoveToCustomer.Step.mean": {
            "value": 133941.0,
            "min": 977.0,
            "max": 133941.0,
            "count": 134
        },
        "MoveToCustomer.Step.sum": {
            "value": 133941.0,
            "min": 977.0,
            "max": 133941.0,
            "count": 134
        },
        "MoveToCustomer.Policy.ExtrinsicValueEstimate.mean": {
            "value": -0.15247748792171478,
            "min": -619.8350219726562,
            "max": 1.0604808330535889,
            "count": 134
        },
        "MoveToCustomer.Policy.ExtrinsicValueEstimate.sum": {
            "value": -2.2871623039245605,
            "min": -9634.0419921875,
            "max": 16.967693328857422,
            "count": 134
        },
        "MoveToCustomer.Environment.EpisodeLength.mean": {
            "value": 19999.0,
            "min": 272.0,
            "max": 19999.0,
            "count": 29
        },
        "MoveToCustomer.Environment.EpisodeLength.sum": {
            "value": 19999.0,
            "min": 272.0,
            "max": 19999.0,
            "count": 29
        },
        "MoveToCustomer.Environment.CumulativeReward.mean": {
            "value": 3690.147741317749,
            "min": -682349.0601196289,
            "max": 3690.147741317749,
            "count": 28
        },
        "MoveToCustomer.Environment.CumulativeReward.sum": {
            "value": 3690.147741317749,
            "min": -682349.0601196289,
            "max": 3690.147741317749,
            "count": 28
        },
        "MoveToCustomer.Policy.ExtrinsicReward.mean": {
            "value": 3690.147741317749,
            "min": -682349.0601196289,
            "max": 3690.147741317749,
            "count": 28
        },
        "MoveToCustomer.Policy.ExtrinsicReward.sum": {
            "value": 3690.147741317749,
            "min": -682349.0601196289,
            "max": 3690.147741317749,
            "count": 28
        },
        "MoveToCustomer.IsTraining.mean": {
            "value": 1.0,
            "min": 1.0,
            "max": 1.0,
            "count": 134
        },
        "MoveToCustomer.IsTraining.sum": {
            "value": 1.0,
            "min": 1.0,
            "max": 1.0,
            "count": 134
        },
        "MoveToKitchen.Environment.EpisodeLength.mean": {
            "value": 1522.0,
            "min": 98.0,
            "max": 19999.0,
            "count": 34
        },
        "MoveToKitchen.Environment.EpisodeLength.sum": {
            "value": 1522.0,
            "min": 98.0,
            "max": 19999.0,
            "count": 34
        },
        "MoveToKitchen.Environment.CumulativeReward.mean": {
            "value": 25080.20445251465,
            "min": -526926.7526855469,
            "max": 131515.97998046875,
            "count": 37
        },
        "MoveToKitchen.Environment.CumulativeReward.sum": {
            "value": 25080.20445251465,
            "min": -526926.7526855469,
            "max": 131515.97998046875,
            "count": 37
        },
        "MoveToKitchen.Policy.ExtrinsicReward.mean": {
            "value": 25080.20445251465,
            "min": -526926.7526855469,
            "max": 131515.97998046875,
            "count": 37
        },
        "MoveToKitchen.Policy.ExtrinsicReward.sum": {
            "value": 25080.20445251465,
            "min": -526926.7526855469,
            "max": 131515.97998046875,
            "count": 37
        },
        "MoveToCustomer.Losses.PolicyLoss.mean": {
            "value": 0.03743995201541111,
            "min": 0.03266319488990121,
            "max": 0.03856886184425093,
            "count": 13
        },
        "MoveToCustomer.Losses.PolicyLoss.sum": {
            "value": 0.03743995201541111,
            "min": 0.03266319488990121,
            "max": 0.03856886184425093,
            "count": 13
        },
        "MoveToCustomer.Losses.ValueLoss.mean": {
            "value": 298.91557883262635,
            "min": 132.3716785097122,
            "max": 262905.509765625,
            "count": 13
        },
        "MoveToCustomer.Losses.ValueLoss.sum": {
            "value": 298.91557883262635,
            "min": 132.3716785097122,
            "max": 262905.509765625,
            "count": 13
        },
        "MoveToCustomer.Policy.LearningRate.mean": {
            "value": 7.328862671140001e-05,
            "min": 7.328862671140001e-05,
            "max": 9.794920205080002e-05,
            "count": 13
        },
        "MoveToCustomer.Policy.LearningRate.sum": {
            "value": 7.328862671140001e-05,
            "min": 7.328862671140001e-05,
            "max": 9.794920205080002e-05,
            "count": 13
        },
        "MoveToCustomer.Policy.Epsilon.mean": {
            "value": 0.17328860000000001,
            "min": 0.17328860000000001,
            "max": 0.19794920000000002,
            "count": 13
        },
        "MoveToCustomer.Policy.Epsilon.sum": {
            "value": 0.17328860000000001,
            "min": 0.17328860000000001,
            "max": 0.19794920000000002,
            "count": 13
        },
        "MoveToCustomer.Policy.Beta.mean": {
            "value": 0.0036671011400000015,
            "min": 0.0036671011400000015,
            "max": 0.004897665080000001,
            "count": 13
        },
        "MoveToCustomer.Policy.Beta.sum": {
            "value": 0.0036671011400000015,
            "min": 0.0036671011400000015,
            "max": 0.004897665080000001,
            "count": 13
        },
        "MoveToKitchen.Losses.PolicyLoss.mean": {
            "value": 0.03673055242514238,
            "min": 0.03190530553343706,
            "max": 0.039380872359033675,
            "count": 13
        },
        "MoveToKitchen.Losses.PolicyLoss.sum": {
            "value": 0.03673055242514238,
            "min": 0.03190530553343706,
            "max": 0.039380872359033675,
            "count": 13
        },
        "MoveToKitchen.Losses.ValueLoss.mean": {
            "value": 45011.99849609375,
            "min": 9055.787924804688,
            "max": 411678.99421875,