{
    "name": "root",
    "gauges": {
        "MoveToCustomer.Policy.Entropy.mean": {
            "value": 1.4052754640579224,
            "min": 1.4052754640579224,
            "max": 1.4189386367797852,
            "count": 100
        },
        "MoveToCustomer.Policy.Entropy.sum": {
            "value": 1337.822265625,
            "min": 1204.8773193359375,
            "max": 1597.724853515625,
            "count": 100
        },
        "MoveToCustomer.Step.mean": {
            "value": 99986.0,
            "min": 992.0,
            "max": 99986.0,
            "count": 100
        },
        "MoveToCustomer.Step.sum": {
            "value": 99986.0,
            "min": 992.0,
            "max": 99986.0,
            "count": 100
        },
        "MoveToCustomer.Policy.ExtrinsicValueEstimate.mean": {
            "value": 236.60995483398438,
            "min": -0.06167304515838623,
            "max": 242.71426391601562,
            "count": 100
        },
        "MoveToCustomer.Policy.ExtrinsicValueEstimate.sum": {
            "value": 4732.19921875,
            "min": -1.356806993484497,
            "max": 5096.99951171875,
            "count": 100
        },
        "MoveToCustomer.Policy.GailValueEstimate.mean": {
            "value": 14.6235933303833,
            "min": 0.2859342098236084,
            "max": 34.2767219543457,
            "count": 100
        },
        "MoveToCustomer.Policy.GailValueEstimate.sum": {
            "value": 292.47186279296875,
            "min": 5.4327497482299805,
            "max": 685.534423828125,
            "count": 100
        },
        "MoveToCustomer.Environment.EpisodeLength.mean": {
            "value": 199.0,
            "min": 139.5,
            "max": 199.0,
            "count": 100
        },
        "MoveToCustomer.Environment.EpisodeLength.sum": {
            "value": 995.0,
            "min": 796.0,
            "max": 1393.0,
            "count": 100
        },
        "MoveToCustomer.Environment.CumulativeReward.mean": {
            "value": 1149.704736328125,
            "min": 168.5553910255432,
            "max": 1501.7908236980438,
            "count": 100
        },
        "MoveToCustomer.Environment.CumulativeReward.sum": {
            "value": 5748.523681640625,
            "min": 801.3550095558167,
            "max": 7858.416974067688,
            "count": 100
        },
        "MoveToCustomer.Policy.ExtrinsicReward.mean": {
            "value": 1149.704736328125,
            "min": 168.5553910255432,
            "max": 1501.7908236980438,
            "count": 100
        },
        "MoveToCustomer.Policy.ExtrinsicReward.sum": {
            "value": 5748.523681640625,
            "min": 801.3550095558167,
            "max": 7858.416974067688,
            "count": 100
        },
        "MoveToCustomer.Policy.GailReward.mean": {
            "value": 20.602229355275632,
            "min": 3.3156952746212482,
            "max": 320.9678493670475,
            "count": 100
        },
        "MoveToCustomer.Policy.GailReward.sum": {
            "value": 103.01114677637815,
            "min": 13.262781098484993,
            "max": 1604.8392468352376,
            "count": 100
        },
        "MoveToCustomer.IsTraining.mean": {
            "value": 1.0,
            "min": 1.0,
            "max": 1.0,
            "count": 100
        },
        "MoveToCustomer.IsTraining.sum": {
            "value": 1.0,
            "min": 1.0,
            "max": 1.0,
            "count": 100
        },
        "MoveToCustomer.Losses.PolicyLoss.mean": {
            "value": 0.013924677196579674,
            "min": 0.01225371843514343,
            "max": 0.017983387030350666,
            "count": 8
        },
        "MoveToCustomer.Losses.PolicyLoss.sum": {
            "value": 0.013924677196579674,
            "min": 0.01225371843514343,
            "max": 0.017983387030350666,
            "count": 8
        },
        "MoveToCustomer.Losses.ValueLoss.mean": {
            "value": 755.1809580485026,
            "min": 280.27032572428385,
            "max": 1045.800722249349,
            "count": 8
        },
        "MoveToCustomer.Losses.ValueLoss.sum": {
            "value": 755.1809580485026,
            "min": 280.27032572428385,
            "max": 1045.800722249349,
            "count": 8
        },
        "MoveToCustomer.Policy.LearningRate.mean": {
            "value": 0.00029704218098594,
            "min": 0.00029704218098594,
            "max": 0.00029963040012320004,
            "count": 8
        },
        "MoveToCustomer.Policy.LearningRate.sum": {
            "value": 0.00029704218098594,
            "min": 0.00029704218098594,
            "max": 0.00029963040012320004,
            "count": 8
        },
        "MoveToCustomer.Policy.Epsilon.mean": {
            "value": 0.19901405999999996,
            "min": 0.19901405999999996,
            "max": 0.19987680000000008,
            "count": 8
        },
        "MoveToCustomer.Policy.Epsilon.sum": {
            "value": 0.19901405999999996,
            "min": 0.19901405999999996,
            "max": 0.19987680000000008,
            "count": 8
        },
        "MoveToCustomer.Policy.Beta.mean": {
            "value": 0.0049508015940000006,
            "min": 0.0049508015940000006,
            "max": 0.00499385232,
            "count": 8
        },
        "MoveToCustomer.Policy.Beta.sum": {
            "value": 0.0049508015940000006,
            "min": 0.0049508015940000006,
            "max": 0.00499385232,
            "count": 8
        },
        "MoveToCustomer.Policy.GAILPolicyEstimate.mean": {
            "value": 0.15606526335080464,
            "min": 0.053886171181996664,
            "max": 0.2563022459546725,
            "count": 8
        },
        "MoveToCustomer.Policy.GAILPolicyEstimate.sum": {
            "value": 0.15606526335080464,
            "min": 0.053886171181996664,
            "max": 0.2563022459546725,
            "count": 8
        },
        "MoveToCustomer.Policy.GAILExpertEstimate.mean": {
            "value": 0.7465025822321574,
            "min": 0.6789385835329692,
            "max": 0.9639975150426229,
            "count": 8
        },
        "MoveToCustomer.Policy.GAILExpertEstimate.sum": {
            "value": 0.7465025822321574,
            "min": 0.6789385835329692,
            "max": 0.9639975150426229,
            "count": 8
        },
        "MoveToCustomer.Losses.GAILLoss.mean": {
            "value": 0.530844658613205,
            "min": 0.15724690159161886,
            "max": 0.8540546933809916,
            "count": 8
        },
        "MoveToCustomer.Losses.GAILLoss.sum": {
            "value": 0.530844658613205,
            "min": 0.15724690159161886,
            "max": 0.8540546933809916,
            "count": 8
        },
        "MoveToCustomer.Policy.GAILGradMagLoss.mean": {
            "value": 2.484581693013509,
            "min": 2.484581693013509,
            "max": 9.015165932973225,
            "count": 8
        },
        "MoveToCustomer.Policy.GAILGradMagLoss.sum": {
            "value": 2.484581693013509,
            "min": 2.484581693013509,
            "max": 9.015165932973225,
            "count": 8
        },
        "MoveToCustomer.Losses.PretrainingLoss.mean": {
            "value": 1.2280946572621663,
            "min": 1.205315391222636,
            "max": 1.2600563367207844,
            "count": 8
        },
        "MoveToCustomer.Losses.PretrainingLoss.sum": {
            "value": 1.2280946572621663,
            "min": 1.205315391222636,
            "max": 1.2600563367207844,
            "count": 8
        }
    },
    "metadata": {
        "timer_format_version": "0.1.0",
        "start_time_seconds": "1740911297",
        "python_version": "3.10.11 (tags/v3.10.11:7d4cc5a, Apr  5 2023, 00:38:17) [MSC v.1929 64 bit (AMD64)]",