{
    "name": "root",
    "gauges": {
        "MoveToKitchen.Policy.Entropy.mean": {
            "value": 1.4153841733932495,
            "min": 1.3892936706542969,
            "max": 1.7910507917404175,
            "count": 172
        },
        "MoveToKitchen.Policy.Entropy.sum": {
            "value": 1358.768798828125,
            "min": 1333.721923828125,
            "max": 1884.55029296875,
            "count": 172
        },
        "MoveToKitchen.Step.mean": {
            "value": 171936.0,
            "min": 987.0,
            "max": 171936.0,
            "count": 172
        },
        "MoveToKitchen.Step.sum": {
            "value": 171936.0,
            "min": 987.0,
            "max": 171936.0,
            "count": 172
        },
        "MoveToKitchen.Policy.ExtrinsicValueEstimate.mean": {
            "value": -86.70726013183594,
            "min": -116.40635681152344,
            "max": 2.0025787353515625,
            "count": 172
        },
        "MoveToKitchen.Policy.ExtrinsicValueEstimate.sum": {
            "value": -1300.60888671875,
            "min": -1820.6005859375,
            "max": 30.038681030273438,
            "count": 172
        },
        "MoveToKitchen.Environment.EpisodeLength.mean": {
            "value": 3199.0,
            "min": 75.0,
            "max": 19745.0,
            "count": 55
        },
        "MoveToKitchen.Environment.EpisodeLength.sum": {
            "value": 3199.0,
            "min": 75.0,
            "max": 19745.0,
            "count": 55
        },
        "MoveToKitchen.Environment.CumulativeReward.mean": {
            "value": -297902.572265625,
            "min": -2052533.2163085938,
            "max": -5076.868591308594,
            "count": 55
        },
        "MoveToKitchen.Environment.CumulativeReward.sum": {
            "value": -297902.572265625,
            "min": -2052533.2163085938,
            "max": -5076.868591308594,
            "count": 55
        },
        "MoveToKitchen.Policy.ExtrinsicReward.mean": {
            "value": -297902.572265625,
            "min": -2052533.2163085938,
            "max": -5076.868591308594,
            "count": 55
        },
        "MoveToKitchen.Policy.ExtrinsicReward.sum": {
            "value": -297902.572265625,
            "min": -2052533.2163085938,
            "max": -5076.868591308594,
            "count": 55
        },
        "MoveToKitchen.IsTraining.mean": {
            "value": 1.0,
            "min": 1.0,
            "max": 1.0,
            "count": 172
        },
        "MoveToKitchen.IsTraining.sum": {
            "value": 1.0,
            "min": 1.0,
            "max": 1.0,
            "count": 172
        },
        "MoveToCustomer.Policy.Entropy.mean": {
            "value": 1.4806265830993652,
            "min": 1.069845199584961,
            "max": 1.7912324666976929,
            "count": 172
        },
        "MoveToCustomer.Policy.Entropy.sum": {
            "value": 1421.4014892578125,
            "min": 1032.6480712890625,
            "max": 1881.921142578125,
            "count": 172
        },
        "MoveToCustomer.Step.mean": {
            "value": 171978.0,
            "min": 987.0,
            "max": 171978.0,
            "count": 172
        },
        "MoveToCustomer.Step.sum": {
            "value": 171978.0,
            "min": 987.0,
            "max": 171978.0,
            "count": 172
        },
        "MoveToCustomer.Policy.ExtrinsicValueEstimate.mean": {
            "value": -461.37542724609375,
            "min": -757.1629638671875,
            "max": 2.7580559253692627,
            "count": 172
        },
        "MoveToCustomer.Policy.ExtrinsicValueEstimate.sum": {
            "value": -7382.0068359375,
            "min": -12114.607421875,
            "max": 44.1288948059082,
            "count": 172
        },
        "MoveToCustomer.Environment.EpisodeLength.mean": {
            "value": 489.6666666666667,
            "min": 286.0,
            "max": 19999.0,
            "count": 53
        },
        "MoveToCustomer.Environment.EpisodeLength.sum": {
            "value": 1469.0,
            "min": 286.0,
            "max": 19999.0,
            "count": 53
        },
        "MoveToCustomer.Environment.CumulativeReward.mean": {
            "value": -64172.328857421875,
            "min": -2475646.1259765625,
            "max": -25809.210464954376,
            "count": 53
        },
        "MoveToCustomer.Environment.CumulativeReward.sum": {
            "value": -128344.65771484375,
            "min": -2475646.1259765625,
            "max": -34954.44512939453,
            "count": 53
        },
        "MoveToCustomer.Policy.ExtrinsicReward.mean": {
            "value": -64172.328857421875,
            "min": -2475646.1259765625,
            "max": -25809.210464954376,
            "count": 53
        },
        "MoveToCustomer.Policy.ExtrinsicReward.sum": {
            "value": -128344.65771484375,
            "min": -2475646.1259765625,
            "max": -34954.44512939453,
            "count": 53
        },
        "MoveToCustomer.IsTraining.mean": {
            "value": 1.0,
            "min": 1.0,
            "max": 1.0,
            "count": 172
        },
        "MoveToCustomer.IsTraining.sum": {
            "value": 1.0,
            "min": 1.0,
            "max": 1.0,
            "count": 172
        },
        "MoveToKitchen.Losses.PolicyLoss.mean": {
            "value": 0.029005575225455688,
            "min": 0.029005575225455688,
            "max": 0.03755927994730882,
            "count": 16
        },
        "MoveToKitchen.Losses.PolicyLoss.sum": {
            "value": 0.029005575225455688,
            "min": 0.029005575225455688,
            "max": 0.03755927994730882,
            "count": 16
        },
        "MoveToKitchen.Losses.ValueLoss.mean": {
            "value": 120119.2018359375,
            "min": 114438.6283984375,
            "max": 825298.8403125,
            "count": 16
        },
        "MoveToKitchen.Losses.ValueLoss.sum": {
            "value": 120119.2018359375,
            "min": 114438.6283984375,
            "max": 825298.8403125,
            "count": 16
        },
        "MoveToKitchen.Policy.LearningRate.mean": {
            "value": 6.7085129151999995e-06,
            "min": 6.7085129151999995e-06,
            "max": 9.794582054199999e-06,
            "count": 16
        },
        "MoveToKitchen.Policy.LearningRate.sum": {
            "value": 6.7085129151999995e-06,
            "min": 6.7085129151999995e-06,
            "max": 9.794582054199999e-06,
            "count": 16
        },
        "MoveToKitchen.Policy.Epsilon.mean": {
            "value": 0.1670848,
            "min": 0.1670848,
            "max": 0.19794580000000003,
            "count": 16
        },
        "MoveToKitchen.Policy.Epsilon.sum": {
            "value": 0.1670848,
            "min": 0.1670848,
            "max": 0.19794580000000003,
            "count": 16
        },
        "MoveToKitchen.Policy.Beta.mean": {
            "value": 0.0033575315200000005,
            "min": 0.0033575315200000005,
            "max": 0.004897495420000001,
            "count": 16
        },
        "MoveToKitchen.Policy.Beta.sum": {
            "value": 0.0033575315200000005,
            "min": 0.0033575315200000005,
            "max": 0.004897495420000001,
            "count": 16
        },
        "MoveToCustomer.Losses.PolicyLoss.mean": {
            "value": 0.03657051201444119,
            "min": 0.031324196370551366,
            "max": 0.03659737610956654,
            "count": 16
        },
        "MoveToCustomer.Losses.PolicyLoss.sum": {
            "value": 0.03657051201444119,
            "min": 0.031324196370551366,
            "max": 0.03659737610956654,
            "count": 16
        },
        "MoveToCustomer.Losses.ValueLoss.mean": {
            "value": 1900.518735961914,
            "min": 1900.518735961914,
            "max": 426648.923515625,