{
    "name": "root",
    "gauges": {
        "MoveToCustomer.Policy.Entropy.mean": {
            "value": 1.1775031089782715,
            "min": 0.8484120965003967,
            "max": 1.3862826824188232,
            "count": 1393
        },
        "MoveToCustomer.Policy.Entropy.sum": {
            "value": 1177.5030517578125,
            "min": 827.2017822265625,
            "max": 1448.12109375,
            "count": 1393
        },
        "MoveToCustomer.Step.mean": {
            "value": 1392970.0,
            "min": 960.0,
            "max": 1392970.0,
            "count": 1393
        },
        "MoveToCustomer.Step.sum": {
            "value": 1392970.0,
            "min": 960.0,
            "max": 1392970.0,
            "count": 1393
        },
        "MoveToCustomer.Policy.ExtrinsicValueEstimate.mean": {
            "value": 276.4952392578125,
            "min": -12.961711883544922,
            "max": 335.0613098144531,
            "count": 1393
        },
        "MoveToCustomer.Policy.ExtrinsicValueEstimate.sum": {
            "value": 4423.923828125,
            "min": -207.38739013671875,
            "max": 5360.98095703125,
            "count": 1393
        },
        "MoveToCustomer.Policy.GailValueEstimate.mean": {
            "value": 27.577133178710938,
            "min": -2.5587100982666016,
            "max": 159.30429077148438,
            "count": 1393
        },
        "MoveToCustomer.Policy.GailValueEstimate.sum": {
            "value": 441.234130859375,
            "min": -40.939361572265625,
            "max": 2548.86865234375,
            "count": 1393
        },
        "MoveToCustomer.Environment.EpisodeLength.mean": {
            "value": 999.0,
            "min": 137.0,
            "max": 1000.0,
            "count": 1388
        },
        "MoveToCustomer.Environment.EpisodeLength.sum": {
            "value": 999.0,
            "min": 137.0,
            "max": 1937.0,
            "count": 1388
        },
        "MoveToCustomer.IsTraining.mean": {
            "value": 1.0,
            "min": 1.0,
            "max": 1.0,
            "count": 1393
        },
        "MoveToCustomer.IsTraining.sum": {
            "value": 1.0,
            "min": 1.0,
            "max": 1.0,
            "count": 1393
        },
        "MoveToCustomer.Environment.CumulativeReward.mean": {
            "value": 2501.830066680908,
            "min": -743.1945652961731,
            "max": 5114.326670885086,
            "count": 1392
        },
        "MoveToCustomer.Environment.CumulativeReward.sum": {
            "value": 2501.830066680908,
            "min": -743.1945652961731,
            "max": 5528.507279396057,
            "count": 1392
        },
        "MoveToCustomer.Policy.ExtrinsicReward.mean": {
            "value": 2501.830066680908,
            "min": -743.1945652961731,
            "max": 5114.326670885086,
            "count": 1392
        },
        "MoveToCustomer.Policy.ExtrinsicReward.sum": {
            "value": 2501.830066680908,
            "min": -743.1945652961731,
            "max": 5528.507279396057,
            "count": 1392
        },
        "MoveToCustomer.Policy.GailReward.mean": {
            "value": 196.58579635620117,
            "min": 7.45652511715889,
            "max": 1752.7955017089844,
            "count": 1392
        },
        "MoveToCustomer.Policy.GailReward.sum": {
            "value": 196.58579635620117,
            "min": 7.45652511715889,
            "max": 1752.7955017089844,
            "count": 1392
        },
        "MoveToCustomer.Losses.PolicyLoss.mean": {
            "value": 0.015777195524424314,
            "min": 0.011665227520279587,
            "max": 0.021850751293823124,
            "count": 113
        },
        "MoveToCustomer.Losses.PolicyLoss.sum": {
            "value": 0.015777195524424314,
            "min": 0.011665227520279587,
            "max": 0.021850751293823124,
            "count": 113
        },
        "MoveToCustomer.Losses.ValueLoss.mean": {
            "value": 179.8784169514974,
            "min": 20.089009094238282,
            "max": 509.0705312093099,
            "count": 113
        },
        "MoveToCustomer.Losses.ValueLoss.sum": {
            "value": 179.8784169514974,
            "min": 20.089009094238282,
            "max": 509.0705312093099,
            "count": 113
        },
        "MoveToCustomer.Policy.LearningRate.mean": {
            "value": 0.00025824595391802,
            "min": 0.00025824595391802,
            "max": 0.00029963037012321,
            "count": 113
        },
        "MoveToCustomer.Policy.LearningRate.sum": {
            "value": 0.00025824595391802,
            "min": 0.00025824595391802,
            "max": 0.00029963037012321,
            "count": 113
        },
        "MoveToCustomer.Policy.Epsilon.mean": {
            "value": 0.18608198,
            "min": 0.18608198,
            "max": 0.19987679000000008,
            "count": 113
        },
        "MoveToCustomer.Policy.Epsilon.sum": {
            "value": 0.18608198,
            "min": 0.18608198,
            "max": 0.19987679000000008,
            "count": 113
        },
        "MoveToCustomer.Policy.Beta.mean": {
            "value": 0.004305490802000001,
            "min": 0.004305490802000001,
            "max": 0.004993851821000001,
            "count": 113
        },
        "MoveToCustomer.Policy.Beta.sum": {
            "value": 0.004305490802000001,
            "min": 0.004305490802000001,
            "max": 0.004993851821000001,
            "count": 113
        },
        "MoveToCustomer.Policy.GAILPolicyEstimate.mean": {
            "value": 0.3111510157585144,
            "min": 0.21568971673647563,
            "max": 0.6493377804756164,
            "count": 113
        },
        "MoveToCustomer.Policy.GAILPolicyEstimate.sum": {
            "value": 0.3111510157585144,
            "min": 0.21568971673647563,
            "max": 0.6493377804756164,
            "count": 113
        },
        "MoveToCustomer.Policy.GAILExpertEstimate.mean": {
            "value": 0.7165632605552673,
            "min": 0.41900718907515205,
            "max": 0.7338488141695658,
            "count": 113
        },
        "MoveToCustomer.Policy.GAILExpertEstimate.sum": {
            "value": 0.7165632605552673,
            "min": 0.41900718907515205,
            "max": 0.7338488141695658,
            "count": 113
        },
        "MoveToCustomer.Losses.GAILLoss.mean": {
            "value": 0.7795521338780721,
            "min": 0.7342268109321595,
            "max": 2.128937347730001,
            "count": 113
        },
        "MoveToCustomer.Losses.GAILLoss.sum": {
            "value": 0.7795521338780721,
            "min": 0.7342268109321595,
            "max": 2.128937347730001,
            "count": 113
        },
        "MoveToCustomer.Policy.GAILGradMagLoss.mean": {
            "value": 0.254231018324693,
            "min": 0.2100240002075831,
            "max": 8.685632848739624,
            "count": 113
        },
        "MoveToCustomer.Policy.GAILGradMagLoss.sum": {
            "value": 0.254231018324693,
            "min": 0.2100240002075831,
            "max": 8.685632848739624,
            "count": 113
        },
        "MoveToCustomer.Losses.PretrainingLoss.mean": {
            "value": 1.230068306128184,
            "min": 1.1498802701632183,
            "max": 1.421489655971527,
            "count": 113
        },
        "MoveToCustomer.Losses.PretrainingLoss.sum": {
            "value": 1.230068306128184,
            "min": 1.1498802701632183,
            "max": 1.421489655971527,
            "count": 113
        }
    },
    "metadata": {
        "timer_format_version": "0.1.0",
        "start_time_seconds": "1741150912",
        "python_version": "3.10.11 (tags/v3.10.11:7d4cc5a, Apr  5 2023, 00:38:17) [MSC v.1929 64 bit (AMD64)]",