{
    "name": "root",
    "gauges": {
        "MoveToCustomer.Policy.Entropy.mean": {
            "value": 0.6674978137016296,
            "min": 0.5011902451515198,
            "max": 1.3862751722335815,
            "count": 1001
        },
        "MoveToCustomer.Policy.Entropy.sum": {
            "value": 667.497802734375,
            "min": 480.1402587890625,
            "max": 1462.514892578125,
            "count": 1001
        },
        "MoveToCustomer.Step.mean": {
            "value": 1000961.0,
            "min": 992.0,
            "max": 1000961.0,
            "count": 1001
        },
        "MoveToCustomer.Step.sum": {
            "value": 1000961.0,
            "min": 992.0,
            "max": 1000961.0,
            "count": 1001
        },
        "MoveToCustomer.Policy.ExtrinsicValueEstimate.mean": {
            "value": -5.826537609100342,
            "min": -48.5166015625,
            "max": -0.07679649442434311,
            "count": 1001
        },
        "MoveToCustomer.Policy.ExtrinsicValueEstimate.sum": {
            "value": -116.53075408935547,
            "min": -958.9904174804688,
            "max": -1.5359299182891846,
            "count": 1001
        },
        "MoveToCustomer.Policy.GailValueEstimate.mean": {
            "value": 49.792327880859375,
            "min": -0.12041864544153214,
            "max": 57.32419967651367,
            "count": 1001
        },
        "MoveToCustomer.Policy.GailValueEstimate.sum": {
            "value": 995.8465576171875,
            "min": -2.4083728790283203,
            "max": 1169.2520751953125,
            "count": 1001
        },
        "MoveToCustomer.Environment.EpisodeLength.mean": {
            "value": 199.0,
            "min": 145.71428571428572,
            "max": 199.0,
            "count": 1001
        },
        "MoveToCustomer.Environment.EpisodeLength.sum": {
            "value": 995.0,
            "min": 794.0,
            "max": 1187.0,
            "count": 1001
        },
        "MoveToCustomer.Environment.CumulativeReward.mean": {
            "value": -7.579998858273029,
            "min": -128.86000882387162,
            "max": 1.7599999830126762,
            "count": 1001
        },
        "MoveToCustomer.Environment.CumulativeReward.sum": {
            "value": -37.89999429136515,
            "min": -644.3000441193581,
            "max": 11.399999804794788,
            "count": 1001
        },
        "MoveToCustomer.Policy.ExtrinsicReward.mean": {
            "value": -7.579998858273029,
            "min": -128.86000882387162,
            "max": 1.7599999830126762,
            "count": 1001
        },
        "MoveToCustomer.Policy.ExtrinsicReward.sum": {
            "value": -37.89999429136515,
            "min": -644.3000441193581,
            "max": 11.399999804794788,
            "count": 1001
        },
        "MoveToCustomer.Policy.GailReward.mean": {
            "value": 134.1995050907135,
            "min": 64.08818068504334,
            "max": 292.8369604110718,
            "count": 1001
        },
        "MoveToCustomer.Policy.GailReward.sum": {
            "value": 670.9975254535675,
            "min": 320.4409034252167,
            "max": 1464.184802055359,
            "count": 1001
        },
        "MoveToCustomer.IsTraining.mean": {
            "value": 1.0,
            "min": 1.0,
            "max": 1.0,
            "count": 1001
        },
        "MoveToCustomer.IsTraining.sum": {
            "value": 1.0,
            "min": 1.0,
            "max": 1.0,
            "count": 1001
        },
        "MoveToCustomer.Losses.PolicyLoss.mean": {
            "value": 0.01545623925048858,
            "min": 0.01155169535195455,
            "max": 0.02380769681185484,
            "count": 81
        },
        "MoveToCustomer.Losses.PolicyLoss.sum": {
            "value": 0.01545623925048858,
            "min": 0.01155169535195455,
            "max": 0.02380769681185484,
            "count": 81
        },
        "MoveToCustomer.Losses.ValueLoss.mean": {
            "value": 19.006441434224445,
            "min": 9.271072705586752,
            "max": 54.8649242401123,
            "count": 81
        },
        "MoveToCustomer.Losses.ValueLoss.sum": {
            "value": 19.006441434224445,
            "min": 9.271072705586752,
            "max": 54.8649242401123,
            "count": 81
        },
        "MoveToCustomer.Policy.LearningRate.mean": {
            "value": 0.00027005751998082997,
            "min": 0.00027005751998082997,
            "max": 0.0002996304301231899,
            "count": 81
        },
        "MoveToCustomer.Policy.LearningRate.sum": {
            "value": 0.00027005751998082997,
            "min": 0.00027005751998082997,
            "max": 0.0002996304301231899,
            "count": 81
        },
        "MoveToCustomer.Policy.Epsilon.mean": {
            "value": 0.19001917000000007,
            "min": 0.19001917000000007,
            "max": 0.19987681000000004,
            "count": 81
        },
        "MoveToCustomer.Policy.Epsilon.sum": {
            "value": 0.19001917000000007,
            "min": 0.19001917000000007,
            "max": 0.19987681000000004,
            "count": 81
        },
        "MoveToCustomer.Policy.Beta.mean": {
            "value": 0.004501956583,
            "min": 0.004501956583,
            "max": 0.004993852819000001,
            "count": 81
        },
        "MoveToCustomer.Policy.Beta.sum": {
            "value": 0.004501956583,
            "min": 0.004501956583,
            "max": 0.004993852819000001,
            "count": 81
        },
        "MoveToCustomer.Policy.GAILPolicyEstimate.mean": {
            "value": 0.4350380887587865,
            "min": 0.3128012865781784,
            "max": 0.6058205445607503,
            "count": 81
        },
        "MoveToCustomer.Policy.GAILPolicyEstimate.sum": {
            "value": 0.4350380887587865,
            "min": 0.3128012865781784,
            "max": 0.6058205445607503,
            "count": 81
        },
        "MoveToCustomer.Policy.GAILExpertEstimate.mean": {
            "value": 0.5695165614287059,
            "min": 0.40371593137582146,
            "max": 0.6365366677443186,
            "count": 81
        },
        "MoveToCustomer.Policy.GAILExpertEstimate.sum": {
            "value": 0.5695165614287059,
            "min": 0.40371593137582146,
            "max": 0.6365366677443186,
            "count": 81
        },
        "MoveToCustomer.Losses.GAILLoss.mean": {
            "value": 1.1827863335609436,
            "min": 0.8952845315138499,
            "max": 2.0076602896054587,
            "count": 81
        },
        "MoveToCustomer.Losses.GAILLoss.sum": {
            "value": 1.1827863335609436,
            "min": 0.8952845315138499,
            "max": 2.0076602896054587,
            "count": 81
        },
        "MoveToCustomer.Policy.GAILGradMagLoss.mean": {
            "value": 0.02825696635991335,
            "min": 0.01175107831756274,
            "max": 8.558853165308635,
            "count": 81
        },
        "MoveToCustomer.Policy.GAILGradMagLoss.sum": {
            "value": 0.02825696635991335,
            "min": 0.01175107831756274,
            "max": 8.558853165308635,
            "count": 81
        },
        "MoveToCustomer.Losses.PretrainingLoss.mean": {
            "value": 0.5629731317361196,
            "min": 0.5629731317361196,
            "max": 1.399427354335785,
            "count": 81
        },
        "MoveToCustomer.Losses.PretrainingLoss.sum": {
            "value": 0.5629731317361196,
            "min": 0.5629731317361196,
            "max": 1.399427354335785,
            "count": 81
        }
    },
    "metadata": {
        "timer_format_version": "0.1.0",
        "start_time_seconds": "1741007160",
        "python_version": "3.10.11 (tags/v3.10.11:7d4cc5a, Apr  5 2023, 00:38:17) [MSC v.1929 64 bit (AMD64)]",