{
    "name": "root",
    "gauges": {
        "MoveToCustomer.Policy.Entropy.mean": {
            "value": 1.3078148365020752,
            "min": 1.3078147172927856,
            "max": 1.4189386367797852,
            "count": 546
        },
        "MoveToCustomer.Policy.Entropy.sum": {
            "value": 1301.2757568359375,
            "min": 1109.8203125,
            "max": 1552.31884765625,
            "count": 546
        },
        "MoveToCustomer.Step.mean": {
            "value": 545987.0,
            "min": 992.0,
            "max": 545987.0,
            "count": 546
        },
        "MoveToCustomer.Step.sum": {
            "value": 545987.0,
            "min": 992.0,
            "max": 545987.0,
            "count": 546
        },
        "MoveToCustomer.Policy.ExtrinsicValueEstimate.mean": {
            "value": 622.156005859375,
            "min": 1.6863259077072144,
            "max": 637.2192993164062,
            "count": 546
        },
        "MoveToCustomer.Policy.ExtrinsicValueEstimate.sum": {
            "value": 12443.1201171875,
            "min": 32.040191650390625,
            "max": 13490.0703125,
            "count": 546
        },
        "MoveToCustomer.Policy.GailValueEstimate.mean": {
            "value": 8.71423053741455,
            "min": 1.0609776973724365,
            "max": 32.81147766113281,
            "count": 546
        },
        "MoveToCustomer.Policy.GailValueEstimate.sum": {
            "value": 174.28460693359375,
            "min": 21.219554901123047,
            "max": 656.2295532226562,
            "count": 546
        },
        "MoveToCustomer.Environment.EpisodeLength.mean": {
            "value": 174.5,
            "min": 135.66666666666666,
            "max": 199.0,
            "count": 546
        },
        "MoveToCustomer.Environment.EpisodeLength.sum": {
            "value": 1047.0,
            "min": 687.0,
            "max": 1439.0,
            "count": 546
        },
        "MoveToCustomer.Environment.CumulativeReward.mean": {
            "value": 1270.5092047055562,
            "min": 269.0733480453491,
            "max": 1780.700424671173,
            "count": 546
        },
        "MoveToCustomer.Environment.CumulativeReward.sum": {
            "value": 7623.055228233337,
            "min": 1076.2933921813965,
            "max": 10093.408265471458,
            "count": 546
        },
        "MoveToCustomer.Policy.ExtrinsicReward.mean": {
            "value": 1270.5092047055562,
            "min": 269.0733480453491,
            "max": 1780.700424671173,
            "count": 546
        },
        "MoveToCustomer.Policy.ExtrinsicReward.sum": {
            "value": 7623.055228233337,
            "min": 1076.2933921813965,
            "max": 10093.408265471458,
            "count": 546
        },
        "MoveToCustomer.Policy.GailReward.mean": {
            "value": 24.63120459516843,
            "min": 3.5349018603563307,
            "max": 272.2095176696777,
            "count": 546
        },
        "MoveToCustomer.Policy.GailReward.sum": {
            "value": 147.7872275710106,
            "min": 14.587546207010746,
            "max": 1520.4061098098755,
            "count": 546
        },
        "MoveToCustomer.IsTraining.mean": {
            "value": 1.0,
            "min": 1.0,
            "max": 1.0,
            "count": 546
        },
        "MoveToCustomer.IsTraining.sum": {
            "value": 1.0,
            "min": 1.0,
            "max": 1.0,
            "count": 546
        },
        "MoveToCustomer.Losses.PolicyLoss.mean": {
            "value": 0.01544747877245148,
            "min": 0.011251544867021342,
            "max": 0.0236695385693262,
            "count": 44
        },
        "MoveToCustomer.Losses.PolicyLoss.sum": {
            "value": 0.01544747877245148,
            "min": 0.011251544867021342,
            "max": 0.0236695385693262,
            "count": 44
        },
        "MoveToCustomer.Losses.ValueLoss.mean": {
            "value": 2293.9009399414062,
            "min": 190.8610376993815,
            "max": 2293.9009399414062,
            "count": 44
        },
        "MoveToCustomer.Losses.ValueLoss.sum": {
            "value": 2293.9009399414062,
            "min": 190.8610376993815,
            "max": 2293.9009399414062,
            "count": 44
        },
        "MoveToCustomer.Policy.LearningRate.mean": {
            "value": 0.00028374795541735004,
            "min": 0.00028374795541735004,
            "max": 0.0002996312401229199,
            "count": 44
        },
        "MoveToCustomer.Policy.LearningRate.sum": {
            "value": 0.00028374795541735004,
            "min": 0.00028374795541735004,
            "max": 0.0002996312401229199,
            "count": 44
        },
        "MoveToCustomer.Policy.Epsilon.mean": {
            "value": 0.19458265000000002,
            "min": 0.19458265000000002,
            "max": 0.19987708000000007,
            "count": 44
        },
        "MoveToCustomer.Policy.Epsilon.sum": {
            "value": 0.19458265000000002,
            "min": 0.19458265000000002,
            "max": 0.19987708000000007,
            "count": 44
        },
        "MoveToCustomer.Policy.Beta.mean": {
            "value": 0.004729674235,
            "min": 0.004729674235,
            "max": 0.004993866291999998,
            "count": 44
        },
        "MoveToCustomer.Policy.Beta.sum": {
            "value": 0.004729674235,
            "min": 0.004729674235,
            "max": 0.004993866291999998,
            "count": 44
        },
        "MoveToCustomer.Policy.GAILPolicyEstimate.mean": {
            "value": 0.21341109772523245,
            "min": 0.060637299654384455,
            "max": 0.296076226234436,
            "count": 44
        },
        "MoveToCustomer.Policy.GAILPolicyEstimate.sum": {
            "value": 0.21341109772523245,
            "min": 0.060637299654384455,
            "max": 0.296076226234436,
            "count": 44
        },
        "MoveToCustomer.Policy.GAILExpertEstimate.mean": {
            "value": 0.7998493591944377,
            "min": 0.7419621427853902,
            "max": 0.9523035566012065,
            "count": 44
        },
        "MoveToCustomer.Policy.GAILExpertEstimate.sum": {
            "value": 0.7998493591944377,
            "min": 0.7419621427853902,
            "max": 0.9523035566012065,
            "count": 44
        },
        "MoveToCustomer.Losses.GAILLoss.mean": {
            "value": 0.5612144927183788,
            "min": 0.11226096550623575,
            "max": 0.74281112353007,
            "count": 44
        },
        "MoveToCustomer.Losses.GAILLoss.sum": {
            "value": 0.5612144927183788,
            "min": 0.11226096550623575,
            "max": 0.74281112353007,
            "count": 44
        },
        "MoveToCustomer.Policy.GAILGradMagLoss.mean": {
            "value": 1.2419493357340494,
            "min": 0.9638417184352874,
            "max": 8.794402694702148,
            "count": 44
        },
        "MoveToCustomer.Policy.GAILGradMagLoss.sum": {
            "value": 1.2419493357340494,
            "min": 0.9638417184352874,
            "max": 8.794402694702148,
            "count": 44
        },
        "MoveToCustomer.Losses.PretrainingLoss.mean": {
            "value": 0.9804680148760477,
            "min": 0.9804680148760477,
            "max": 1.4921283324559529,
            "count": 44
        },
        "MoveToCustomer.Losses.PretrainingLoss.sum": {
            "value": 0.9804680148760477,
            "min": 0.9804680148760477,
            "max": 1.4921283324559529,
            "count": 44
        }
    },
    "metadata": {
        "timer_format_version": "0.1.0",
        "start_time_seconds": "1740912161",
        "python_version": "3.10.11 (tags/v3.10.11:7d4cc5a, Apr  5 2023, 00:38:17) [MSC v.1929 64 bit (AMD64)]",